Language,Gloss,LexicalClass,SelectedFingers,Handshape,Location,Movement
ASL,shave,Verb,imrp,1,Cheek,BackAndForth
ASL,girl,Noun,thumb,3,Cheek,Curved
ASL,candy_1,Noun,i,7,Cheek,None
ASL,pretend,Verb,i,7,Cheek,BackAndForth
ASL,sister,Noun,i,7,Cheek,Straight
ASL,smile,Noun,i,7,Cheek,Curved
ASL,tear,Verb,i,7,Cheek,Straight
ASL,laugh,Verb,i,8,Cheek,None
ASL,apple,Noun,i,9,Cheek,None
ASL,razor,Noun,i,9,Cheek,BackAndForth
ASL,call,Verb,p,34,Cheek,Curved
ASL,telephone,Noun,p,34,Cheek,BackAndForth
ASL,wine,Noun,p,38,Cheek,Circular
ASL,cat,Noun,i,42,Cheek,BackAndForth
ASL,fruit,Noun,i,42,Cheek,None
ASL,brown,Adjective,imrp,48,Cheek,Straight
ASL,peach,Noun,imrp,51,Cheek,None
ASL,home,Adverb,imrp,51,Cheek,Curved
ASL,homework,Noun,imrp,51,Cheek,Curved
ASL,experience,Noun,imrp,51,Cheek,BackAndForth
ASL,tiger,Noun,imrp,57,Cheek,BackAndForth
ASL,dormitory,Noun,mrp,62,Cheek,Curved
ASL,bed,Noun,imrp,65,Cheek,None
ASL,beer,Noun,imrp,65,Cheek,BackAndForth
ASL,freckles,Noun,imrp,74,Cheek,BackAndForth
ASL,shame,Noun,imrp,76,Cheek,Curved
ASL,shy,Adjective,imrp,76,Cheek,None
ASL,tobacco,Noun,imrp,88,Cheek,None
ASL,jealous,Adjective,p,92,Cheek,Circular
ASL,adult,Noun,imrp,50,Cheek,Circular
ASL,beard,Noun,imrp,74,Cheek,Curved
ASL,icecream,Noun,imrp,1,Chin,Circular
ASL,mother,Noun,thumb,3,Chin,BackAndForth
ASL,yesterday,Adverb,thumb,3,Chin,Curved
ASL,announce,Verb,i,7,Chin,Straight
ASL,cereal,Noun,i,7,Chin,Straight
ASL,dryer,Noun,i,7,Chin,Straight
ASL,hearing,Verb,i,7,Chin,Circular
ASL,humble,Adjective,i,7,Chin,None
ASL,lemon,Noun,i,7,Chin,None
ASL,lonely,Adjective,i,7,Chin,BackAndForth
ASL,order_2,Noun,i,7,Chin,Other
ASL,promise,Verb,i,7,Chin,None
ASL,really,Adverb,i,7,Chin,Straight
ASL,red,Adjective,i,7,Chin,None
ASL,russia,Name,i,7,Chin,Other
ASL,serious,Adjective,i,7,Chin,None
ASL,tell,Verb,i,7,Chin,Curved
ASL,who,Minor,i,7,Chin,None
ASL,desert,Noun,i,9,Chin,Straight
ASL,birthday,Noun,m,13,Chin,Curved
ASL,favorite,Noun,m,13,Chin,BackAndForth
ASL,scarcely,Adverb,m,13,Chin,Circular
ASL,disney,Name,m,14,Chin,None
ASL,flashlight,Noun,m,14,Chin,None
ASL,lucky,Adjective,m,15,Chin,Straight
ASL,israel,Noun,p,17,Chin,BackAndForth
ASL,pipe,Noun,p,17,Chin,BackAndForth
ASL,cute_1,Adjective,im,19,Chin,None
ASL,cute_2,Adjective,im,19,Chin,None
ASL,candy_2,Noun,im,20,Chin,None
ASL,restaurant,Noun,im,23,Chin,Other
ASL,gay,Adjective,i,26,Chin,BackAndForth
ASL,gossip,Noun,i,26,Chin,Circular
ASL,vegetable,Noun,im,28,Chin,None
ASL,verb,Noun,im,28,Chin,BackAndForth
ASL,goat,Noun,im,31,Chin,Other
ASL,squirrel,Noun,im,31,Chin,BackAndForth
ASL,pink,Adjective,im,33,Chin,BackAndForth
ASL,wrong,Adjective,p,34,Chin,BackAndForth
ASL,wrong,Adjective,p,34,Chin,None
ASL,water,Noun,imr,38,Chin,BackAndForth
ASL,talk,Verb,imrp,47,Chin,BackAndForth
ASL,frustrate,Verb,imrp,48,Chin,BackAndForth
ASL,quiet,Adjective,imrp,48,Chin,Curved
ASL,bad,Adjective,imrp,49,Chin,Straight
ASL,lie,Verb,imrp,49,Chin,Straight
ASL,good,Adjective,imrp,49,Chin,Straight
ASL,jewish,Adjective,imrp,51,Chin,BackAndForth
ASL,kiss,Noun,imrp,51,Chin,BackAndForth
ASL,old,Adjective,imrp,54,Chin,Straight
ASL,cafeteria,Noun,imrp,54,Chin,BackAndForth
ASL,color,Noun,imrp,57,Chin,None
ASL,grandmother,Noun,imrp,57,Chin,Other
ASL,parents,Noun,imrp,57,Chin,Curved
ASL,woman,Noun,imrp,57,Chin,Straight
ASL,farm,Noun,thumb,57,Chin,BackAndForth
ASL,bird,Noun,i,63,Chin,None
ASL,age,Noun,imrp,74,Chin,Straight
ASL,orange,Noun,imrp,74,Chin,None
ASL,wife,Noun,imrp,74,Chin,Straight
ASL,deny,Verb,thumb,3,Chin:Und,BackAndForth
ASL,metal,Noun,i,9,Chin:Und,BackAndForth
ASL,turkey,Noun,i,26,Chin:Und,Other
ASL,pig,Noun,imrp,49,Chin:Und,None
ASL,grass,Noun,imrp,55,Chin:Und,BackAndForth
ASL,dirty,Adjective,imrp,57,Chin:Und,None
ASL,frog,Noun,im,94,Chin:Und,BackAndForth
ASL,exercise,Noun,imrp,1,Clavicle,BackAndForth
ASL,staff,Noun,imrp,1,Clavicle,Curved
ASL,act,Verb,thumb,3,Clavicle,Circular
ASL,actor,Noun,thumb,3,Clavicle,Circular
ASL,army,Noun,imrp,3,Clavicle,BackAndForth
ASL,bath,Noun,thumb,3,Clavicle,BackAndForth
ASL,canada,Name,imrp,3,Clavicle,BackAndForth
ASL,theater,Noun,thumb,3,Clavicle,Circular
ASL,gorilla,Noun,imrp,3,Clavicle,BackAndForth
ASL,china,Name,i,7,Clavicle,None
ASL,lazy,Adjective,i,7,Clavicle,BackAndForth
ASL,loyal,Adjective,i,8,Clavicle,Circular
ASL,policeman,Noun,i,9,Clavicle,BackAndForth
ASL,religion,Noun,im,23,Clavicle,Curved
ASL,guilty,Adjective,i,26,Clavicle,BackAndForth
ASL,queen,Noun,i,26,Clavicle,Curved
ASL,king,Noun,im,33,Clavicle,Curved
ASL,benefit,Noun,i,42,Clavicle,BackAndForth
ASL,shirt,Noun,i,42,Clavicle,BackAndForth
ASL,blanket,Noun,imrp,49,Clavicle,BackAndForth
ASL,body,Noun,imrp,49,Clavicle,Straight
ASL,happy,Adjective,imrp,49,Clavicle,Circular
ASL,animal,Noun,imrp,50,Clavicle,BackAndForth
ASL,have,Verb,imrp,50,Clavicle,Straight
ASL,prefer,Verb,imrp,50,Clavicle,Straight
ASL,young,Adjective,imrp,50,Clavicle,Circular
ASL,own,Verb,imrp,51,Clavicle,Curved
ASL,character,Noun,imrp,54,Clavicle,Circular
ASL,emotion,Noun,imrp,56,Clavicle,Circular
ASL,emperor,Noun,imrp,56,Clavicle,Curved
ASL,bear,Noun,imrp,57,Clavicle,BackAndForth
ASL,dress,Noun,imrp,57,Clavicle,Curved
ASL,wear,Verb,imrp,57,Clavicle,Curved
ASL,holiday,Noun,thumb,57,Clavicle,BackAndForth
ASL,vacation,Noun,thumb,57,Clavicle,BackAndForth
ASL,angry,Adjective,imrp,58,Clavicle,Curved
ASL,brave,Adjective,imrp,74,Clavicle,Straight
ASL,health,Verb,imrp,74,Clavicle,Straight
ASL,sweater,Noun,imrp,76,Clavicle,Curved
ASL,tired,Adjective,imrp,76,Clavicle,Curved
ASL,mime,Noun,imrp,88,Clavicle,Circular
ASL,silver,Noun,imrp,1,Ear,BackAndForth
ASL,crazy,Adjective,i,7,Ear,Circular
ASL,hairdryer,Noun,i,7,Ear,BackAndForth
ASL,loud,Adverb,i,7,Ear,BackAndForth
ASL,stethoscope,Noun,i,7,Ear,None
ASL,earring,Noun,i,9,Ear,None
ASL,hearing_aid,Noun,i,9,Ear,BackAndForth
ASL,ear,Noun,i,42,Ear,BackAndForth
ASL,cousin,Noun,imrp,54,Ear,None
ASL,headphones,Noun,imrp,54,Ear,BackAndForth
ASL,radio,Noun,imrp,91,Ear,None
ASL,nephew,Noun,im,96,Ear,None
ASL,poor,Adjective,imrp,51,Elbow,BackAndForth
ASL,inject,Verb,i,7,Elbow,Straight
ASL,owl,Noun,imrp,2,Eye,BackAndForth
ASL,brother,Noun,thumb,3,Eye,None
ASL,remember,Verb,thumb,3,Eye,Straight
ASL,accomplish,Verb,i,7,Eye,Straight
ASL,agreement,Noun,i,7,Eye,None
ASL,believe,Verb,i,7,Eye,None
ASL,cry,Verb,i,7,Eye,BackAndForth
ASL,decide,Verb,i,7,Eye,None
ASL,disagreement,Noun,i,7,Eye,None
ASL,dream,Noun,i,7,Eye,Straight
ASL,eyes,Noun,i,7,Eye,Curved
ASL,for,Minor,i,7,Eye,Curved
ASL,forever,Adverb,i,7,Eye,None
ASL,gold,Noun,i,7,Eye,None
ASL,government,Noun,i,7,Eye,Other
ASL,hope,Verb,i,7,Eye,None
ASL,mascara,Noun,i,7,Eye,None
ASL,shocked,Adjective,i,7,Eye,None
ASL,suspect,Noun,i,7,Eye,None
ASL,what_for,Minor,i,7,Eye,None
ASL,penny,Noun,i,7,Eye,Straight
ASL,think,Verb,i,7,Eye,None
ASL,eyeglasses,Noun,i,9,Eye,BackAndForth
ASL,mind,Noun,i,9,Eye,BackAndForth
ASL,moon,Noun,i,9,Eye,Curved
ASL,onion,Noun,i,9,Eye,None
ASL,understand,Verb,i,9,Eye,None
ASL,glow,Noun,m,13,Eye,BackAndForth
ASL,smart,Adjective,m,13,Eye,Straight
ASL,horrible,Adjective,m,14,Eye,Curved
ASL,idea,Noun,p,17,Eye,Straight
ASL,rabbit,Noun,im,19,Eye,None
ASL,uncle,Noun,im,19,Eye,Circular
ASL,devil,Noun,im,20,Eye,None
ASL,horse,Noun,im,20,Eye,None
ASL,gallaudet,Name,i,26,Eye,BackAndForth
ASL,glasses,Noun,i,26,Eye,BackAndForth
ASL,wink,Verb,i,26,Eye,None
ASL,misunderstand,Verb,im,28,Eye,None
ASL,see,Verb,im,28,Eye,Straight
ASL,look_at,Verb,im,30,Eye,Straight
ASL,cow,Noun,p,34,Eye,None
ASL,why,Minor,imr,38,Eye,Straight
ASL,surprise,Noun,i,42,Eye,None
ASL,hello,Minor,imrp,48,Eye,Straight
ASL,know,Verb,imrp,49,Eye,BackAndForth
ASL,pillow,Noun,imrp,49,Eye,None
ASL,pirate,Noun,imrp,49,Eye,BackAndForth
ASL,stubborn,Adjective,imrp,49,Eye,None
ASL,attention,Noun,imrp,49,Eye,BackAndForth
ASL,microscope,Noun,imrp,51,Eye,None
ASL,binoculars,Noun,imrp,54,Eye,None
ASL,concept,Noun,imrp,54,Eye,Straight
ASL,picture,Noun,imrp,54,Eye,Curved
ASL,lettuce_1,Noun,imrp,55,Eye,BackAndForth
ASL,europe,Name,imrp,56,Eye,Circular
ASL,bedroom,Noun,imrp,65,Eye,None
ASL,husband,Noun,imrp,74,Eye,None
ASL,president,Noun,imrp,74,Eye,Straight
ASL,blind,Adjective,im,93,Eye,Curved
ASL,camera,Noun,i,7,Face,None
ASL,look_appearance,Verb,i,7,Face,Circular
ASL,embarrass,Verb,imrp,57,Face,Circular
ASL,friendly,Adjective,imrp,57,Face,Straight
ASL,pretty,Adverb,imrp,57,Face,None
ASL,sad,Adjective,imrp,57,Face,Straight
ASL,sleep,Verb,imrp,57,Face,Straight
ASL,dumb,Adjective,imrp,1,Forehead,Straight
ASL,indian,Adjective,thumb,3,Forehead,None
ASL,man,Noun,thumb,3,Forehead,Straight
ASL,black,Adjective,i,7,Forehead,Straight
ASL,puzzled,Adjective,i,7,Forehead,None
ASL,summer,Noun,i,7,Forehead,BackAndForth
ASL,think_over,Verb,i,7,Forehead,Circular
ASL,headache,Noun,i,7,Forehead,BackAndForth
ASL,egypt,Name,i,9,Forehead,BackAndForth
ASL,sick,Adjective,m,13,Forehead,None
ASL,pepsi,Name,p,17,Forehead,BackAndForth
ASL,catholic,Adjective,im,19,Forehead,Other
ASL,honor,Noun,im,19,Forehead,Curved
ASL,stupid_2,Adjective,i,26,Forehead,None
ASL,rooster,Noun,im,28,Forehead,BackAndForth
ASL,stupid_1,Adjective,im,28,Forehead,Straight
ASL,fireman,Noun,imrp,48,Forehead,BackAndForth
ASL,son,Noun,imrp,48,Forehead,None
ASL,because,Minor,imrp,49,Forehead,Curved
ASL,forgetful,Adjective,imrp,49,Forehead,BackAndForth
ASL,boy,Noun,imrp,51,Forehead,None
ASL,lettuce_2,Noun,imrp,55,Forehead,BackAndForth
ASL,deer,Noun,imrp,57,Forehead,BackAndForth
ASL,father,Noun,imrp,57,Forehead,BackAndForth
ASL,grandfather,Noun,imrp,57,Forehead,Other
ASL,wonder,Verb,i,7,Forehead,Circular
ASL,imagine,Verb,p,17,Forehead,Circular
ASL,reason,Noun,im,23,Forehead,Circular
ASL,teach,Verb,imrp,51,Forehead,BackAndForth
ASL,hat,Noun,imrp,49,Head,BackAndForth
ASL,brush,Noun,imrp,1,Head,Straight
ASL,haircut,Noun,im,28,Head,Curved
ASL,hair,Noun,i,46,Head,BackAndForth
ASL,lion,Noun,imrp,55,Head,Curved
ASL,comb,Verb,imrp,74,Head,BackAndForth
ASL,shampoo,Noun,imrp,74,Head,BackAndForth
ASL,helmet,Noun,imrp,76,Head,Curved
ASL,underwear,Noun,i,7,Hip,BackAndForth
ASL,belt,Noun,im,19,Hip,Curved
ASL,skirt,Noun,imrp,49,Hip,Curved
ASL,diaper,Noun,im,63,Hip,BackAndForth
ASL,pants,Noun,imrp,65,Hip,Other
ASL,shorts,Noun,imrp,65,Hip,BackAndForth
ASL,patient_2,Adjective,thumb,3,Lips,Straight
ASL,ugly,Adjective,i,7,Lips,Straight
ASL,eagle,Noun,i,9,Lips,BackAndForth
ASL,thief_1,Noun,im,20,Lips,Straight
ASL,mustache,Noun,i,26,Lips,BackAndForth
ASL,kid,Noun,ip,35,Lips,None
ASL,sneeze,Verb,im,94,Lips,Straight
ASL,balloon,Noun,imrp,1,Mouth,Straight
ASL,carrot,Noun,imrp,1,Mouth,None
ASL,dentist,Noun,imrp,1,Mouth,BackAndForth
ASL,bar,Noun,thumb,3,Mouth,BackAndForth
ASL,letter,Noun,thumb,3,Mouth,Straight
ASL,mail,Noun,thumb,3,Mouth,Straight
ASL,nut,Noun,thumb,3,Mouth,BackAndForth
ASL,patient_2,Adjective,thumb,3,Mouth,Straight
ASL,secret,Noun,thumb,3,Mouth,BackAndForth
ASL,warm,Adjective,imrp,3,Mouth,None
ASL,blood,Noun,i,7,Mouth,None
ASL,corn_1,Noun,i,7,Mouth,BackAndForth
ASL,finally,Adverb,i,7,Mouth,Circular
ASL,mouth,Noun,i,7,Mouth,Circular
ASL,sure,Adjective,i,7,Mouth,Straight
ASL,tomato,Noun,i,7,Mouth,None
ASL,TRUE,Adjective,i,7,Mouth,Straight
ASL,toothbrush,Noun,i,7,Mouth,BackAndForth
ASL,lipstick,Noun,i,9,Mouth,BackAndForth
ASL,teeth,Noun,i,9,Mouth,BackAndForth
ASL,delicious,Adjective,m,13,Mouth,Straight
ASL,stamp,Noun,im,19,Mouth,Straight
ASL,cigar,Noun,im,23,Mouth,BackAndForth
ASL,duck,Noun,im,28,Mouth,None
ASL,oral,Adjective,im,31,Mouth,Circular
ASL,snake,Noun,im,31,Mouth,BackAndForth
ASL,whistle,Noun,im,31,Mouth,BackAndForth
ASL,secretary,Noun,im,33,Mouth,Other
ASL,river,Noun,imr,38,Mouth,None
ASL,pencil,Noun,i,42,Mouth,Other
ASL,pill,Noun,i,42,Mouth,None
ASL,revenge,Noun,i,42,Mouth,Curved
ASL,strawberry,Noun,i,42,Mouth,BackAndForth
ASL,oops,Minor,imrp,49,Mouth,None
ASL,envelope,Noun,imrp,49,Mouth,Circular
ASL,eat,Verb,imrp,51,Mouth,BackAndForth
ASL,eat,Verb,imrp,51,Mouth,BackAndForth
ASL,drink,Noun,imrp,54,Mouth,Straight
ASL,thanksgiving,Noun,im,63,Mouth,BackAndForth
ASL,napkin,Noun,imrp,65,Mouth,Circular
ASL,drunk,Adjective,thumb,3,Mouth,Curved
ASL,sandwich,Noun,imrp,50,Mouth,BackAndForth
ASL,guess,Verb,imrp,74,Mouth,Curved
ASL,strange,Adjective,imrp,74,Mouth,Curved
ASL,fraud,Noun,i,7,Neck,BackAndForth
ASL,gullible,Adjective,i,7,Neck,Curved
ASL,swallow,Verb,i,7,Neck,Curved
ASL,thirsty,Adjective,i,7,Neck,Curved
ASL,perfume,Noun,p,17,Neck,Curved
ASL,priest,Noun,i,26,Neck,BackAndForth
ASL,voice,Noun,im,30,Neck,Circular
ASL,scarf,Noun,imrp,50,Neck,Other
ASL,giraffe,Noun,imrp,76,Neck,Straight
ASL,bowtie,Noun,im,94,Neck,None
ASL,far,Adverb,imrp,1,neutral,Curved
ASL,1_dollar,Noun,imrp,3,neutral,BackAndForth
ASL,behind,Minor,thumb,3,neutral,Circular
ASL,call_tty,Verb,i,9,neutral,Straight
ASL,chair,Noun,im,19,neutral,BackAndForth
ASL,train,Noun,im,19,neutral,BackAndForth
ASL,peg,Verb,i,26,neutral,Other
ASL,zoom_off,Verb,i,26,neutral,Straight
ASL,dive,Verb,im,28,neutral,Curved
ASL,salt,Noun,im,28,neutral,None
ASL,engagement,Noun,im,31,neutral,Circular
ASL,surf,Verb,im,31,neutral,BackAndForth
ASL,skateboarding,Verb,im,33,neutral,None
ASL,cigarette,Noun,ip,35,neutral,BackAndForth
ASL,ring,Noun,i,42,neutral,BackAndForth
ASL,easy,Adjective,imrp,49,neutral,BackAndForth
ASL,bread,Noun,imrp,55,neutral,BackAndForth
ASL,gloves,Noun,imrp,57,neutral,BackAndForth
ASL,diamond,Noun,mrp,62,neutral,BackAndForth
ASL,sit,Verb,im,93,neutral,Straight
ASL,check,Verb,i,7,neutral,Other
ASL,honest,Adjective,im,19,neutral,Straight
ASL,spoon,Noun,im,19,neutral,BackAndForth
ASL,hotel,Noun,im,20,neutral,None
ASL,arrive,Verb,imrp,49,neutral,Circular
ASL,excuse,Noun,imrp,50,neutral,BackAndForth
ASL,list,Noun,imrp,50,neutral,Other
ASL,videocamera,Noun,imrp,51,neutral,None
ASL,movie_2,Noun,imrp,57,neutral,None
ASL,waste,Verb,imrp,57,neutral,BackAndForth
ASL,some,Minor,imrp,65,neutral,Straight
ASL,coffee,Noun,imrp,1,neutral,Circular
ASL,corkscrew,Noun,imrp,1,neutral,BackAndForth
ASL,impact,Verb,imrp,1,neutral,BackAndForth
ASL,umbrella,Noun,imrp,1,neutral,BackAndForth
ASL,year,Noun,imrp,1,neutral,Circular
ASL,gas,Noun,thumb,3,neutral,BackAndForth
ASL,knife,Noun,i,7,neutral,BackAndForth
ASL,month,Noun,i,7,neutral,Straight
ASL,off_the_point,Adverb,i,7,neutral,Straight
ASL,right_1,Adjective,i,7,neutral,Straight
ASL,thermometer,Noun,i,7,neutral,BackAndForth
ASL,from,Minor,i,9,neutral,Curved
ASL,tease,Verb,i,9,neutral,BackAndForth
ASL,soda,Noun,m,13,neutral,BackAndForth
ASL,name,Noun,im,19,neutral,BackAndForth
ASL,use,Verb,im,19,neutral,Circular
ASL,weigh,Verb,im,19,neutral,BackAndForth
ASL,hard,Adjective,im,31,neutral,Straight
ASL,careful,Adjective,im,33,neutral,BackAndForth
ASL,tea,Noun,i,42,neutral,Circular
ASL,vote,Noun,i,42,neutral,BackAndForth
ASL,steak,Noun,i,46,neutral,None
ASL,business,Noun,imrp,48,neutral,BackAndForth
ASL,door,Noun,imrp,48,neutral,BackAndForth
ASL,window,Noun,imrp,48,neutral,BackAndForth
ASL,after,Minor,imrp,49,neutral,Curved
ASL,wood,Noun,imrp,49,neutral,BackAndForth
ASL,banana,Noun,imrp,51,neutral,BackAndForth
ASL,meat,Noun,imrp,51,neutral,None
ASL,enough,Adverb,imrp,57,neutral,Straight
ASL,full,Adjective,imrp,57,neutral,Straight
ASL,stress,Noun,imrp,57,neutral,BackAndForth
ASL,win,Verb,imrp,74,neutral,Curved
ASL,beat,Verb,imrp,1,neutral,Straight
ASL,cherry,Noun,imrp,2,neutral,None
ASL,about,Minor,i,7,neutral,Circular
ASL,about,Minor,i,7,neutral,Circular
ASL,minute,Noun,i,7,neutral,None
ASL,when,Minor,i,7,neutral,Circular
ASL,point,Noun,i,7,neutral,BackAndForth
ASL,last,Number,p,17,neutral,Straight
ASL,rope,Noun,im,23,neutral,Other
ASL,windmill,Noun,im,29,neutral,None
ASL,measure,Noun,p,34,neutral,None
ASL,sew,Verb,i,42,neutral,Circular
ASL,candle,Noun,imrp,57,neutral,None
ASL,helicopter,Noun,imrp,57,neutral,Straight
ASL,fish,Noun,imrp,65,neutral,None
ASL,magazine,Noun,i,9,neutral,BackAndForth
ASL,cheat_1,Verb,im,29,neutral,BackAndForth
ASL,soccer,Noun,imrp,49,neutral,BackAndForth
ASL,sheep,Noun,im,28,neutral,Circular
ASL,table,Noun,imrp,48,neutral,BackAndForth
ASL,bridge,Noun,im,19,neutral,Curved
ASL,cracker,Noun,imrp,1,neutral,BackAndForth
ASL,punish,Verb,i,7,neutral,Straight
ASL,temptation,Noun,i,7,neutral,BackAndForth
ASL,trash,Noun,i,7,neutral,Curved
ASL,dolphin,Noun,im,23,neutral,BackAndForth
ASL,steal,Verb,im,28,neutral,Straight
ASL,thief_2,Verb,im,29,neutral,Straight
ASL,country,Noun,p,34,neutral,Circular
ASL,cheat_2,Verb,ip,35,neutral,BackAndForth
ASL,foreigner,Noun,i,42,neutral,Circular
ASL,fall_1,Noun,imrp,47,neutral,BackAndForth
ASL,foreigner,Noun,imrp,49,neutral,Circular
ASL,nurse,Noun,im,19,neutral,BackAndForth
ASL,butter,Noun,im,20,neutral,BackAndForth
ASL,soap,Noun,imrp,49,neutral,BackAndForth
ASL,doctor,Noun,imrp,50,neutral,BackAndForth
ASL,cheese,Noun,imrp,57,neutral,None
ASL,movie_1,Noun,imrp,57,neutral,None
ASL,bag,Noun,imrp,1,neutral,BackAndForth
ASL,baseball,Noun,imrp,1,neutral,BackAndForth
ASL,bicycle,Noun,imrp,1,neutral,Circular
ASL,break,Verb,imrp,1,neutral,Curved
ASL,bridesmaid,Noun,imrp,1,neutral,BackAndForth
ASL,can,Verb,imrp,1,neutral,Straight
ASL,canoe,Noun,imrp,1,neutral,Other
ASL,car,Noun,imrp,1,neutral,BackAndForth
ASL,cause,Verb,imrp,1,neutral,Straight
ASL,create,Verb,imrp,1,neutral,None
ASL,dice,Verb,imrp,1,neutral,BackAndForth
ASL,drop,Verb,imrp,1,neutral,Straight
ASL,fight,Verb,imrp,1,neutral,Straight
ASL,juggle,Verb,imrp,1,neutral,Circular
ASL,lawnmower,Noun,imrp,1,neutral,BackAndForth
ASL,make,Verb,imrp,1,neutral,None
ASL,many,Minor,imrp,1,neutral,BackAndForth
ASL,microwave,Noun,imrp,1,neutral,BackAndForth
ASL,milk,Noun,imrp,1,neutral,None
ASL,motorcycle,Noun,imrp,1,neutral,None
ASL,plunger,Noun,imrp,1,neutral,BackAndForth
ASL,possible,Adjective,imrp,1,neutral,BackAndForth
ASL,saturday,Name,imrp,1,neutral,Circular
ASL,saw,Verb,imrp,1,neutral,BackAndForth
ASL,shoes,Noun,imrp,1,neutral,BackAndForth
ASL,shovel,Noun,imrp,1,neutral,Other
ASL,south,Noun,imrp,1,neutral,Straight
ASL,clear,Adjective,imrp,2,neutral,Straight
ASL,nothing,Noun,imrp,2,neutral,BackAndForth
ASL,office,Noun,imrp,2,neutral,Other
ASL,percent,Noun,imrp,2,neutral,Other
ASL,speakers,Noun,imrp,2,neutral,BackAndForth
ASL,zero,Number,imrp,2,neutral,Straight
ASL,asia,Noun,imrp,3,neutral,Circular
ASL,challenge,Noun,thumb,3,neutral,Straight
ASL,continue,Verb,thumb,3,neutral,BackAndForth
ASL,game,Noun,thumb,3,neutral,BackAndForth
ASL,gun,Noun,thumb,3,neutral,None
ASL,jigsaw_puzzle,Noun,thumb,3,neutral,BackAndForth
ASL,lighter,Noun,thumb,3,neutral,None
ASL,other,Adjective,thumb,3,neutral,Curved
ASL,remote_control,Noun,thumb,3,neutral,None
ASL,science,Noun,thumb,3,neutral,Circular
ASL,scientist,Noun,thumb,3,neutral,Circular
ASL,sports,Noun,thumb,3,neutral,None
ASL,text,Verb,thumb,3,neutral,BackAndForth
ASL,which,Minor,thumb,3,neutral,BackAndForth
ASL,mountain,Noun,imrp,3,neutral,Straight
ASL,with,Minor,imrp,3,neutral,Straight
ASL,how,Minor,imrp,4,neutral,Circular
ASL,hammer,Noun,i,5,neutral,BackAndForth
ASL,pool_game,Noun,i,5,neutral,BackAndForth
ASL,tennis,Noun,i,5,neutral,Other
ASL,tornado,Noun,i,5,neutral,Straight
ASL,vacuum,Verb,i,5,neutral,Other
ASL,zoom_in,Verb,i,5,neutral,Straight
ASL,mop,Noun,imrp,5,neutral,BackAndForth
ASL,pull,Verb,imrp,5,neutral,Straight
ASL,try,Verb,imrp,5,neutral,Curved
ASL,alone,Adjective,i,7,neutral,Circular
ASL,ask,Verb,i,7,neutral,Curved
ASL,but,Minor,i,7,neutral,Straight
ASL,complex,Adjective,i,7,neutral,Straight
ASL,day,Noun,i,7,neutral,Curved
ASL,decide,Verb,i,7,neutral,None
ASL,downsize,Verb,i,7,neutral,Straight
ASL,downsize,Verb,i,7,neutral,Straight
ASL,email,Noun,i,7,neutral,BackAndForth
ASL,fast,Adverb,i,7,neutral,Straight
ASL,first,Number,i,7,neutral,None
ASL,go,Verb,i,7,neutral,Curved
ASL,happen,Verb,i,7,neutral,Circular
ASL,insult,Verb,i,7,neutral,Curved
ASL,knitting,Verb,i,7,neutral,None
ASL,leaf,Noun,i,7,neutral,Straight
ASL,library,Noun,i,7,neutral,Circular
ASL,lightning,Noun,i,7,neutral,BackAndForth
ASL,meet,Verb,i,7,neutral,Straight
ASL,offend,Verb,i,7,neutral,Curved
ASL,same_2,Minor,i,7,neutral,BackAndForth
ASL,shrimp,Noun,i,7,neutral,Straight
ASL,sign_language,Noun,i,7,neutral,Circular
ASL,socks,Noun,i,7,neutral,BackAndForth
ASL,star,Noun,i,7,neutral,BackAndForth
ASL,stars,Noun,i,7,neutral,BackAndForth
ASL,there,Adverb,i,7,neutral,Straight
ASL,translate,Verb,i,7,neutral,None
ASL,wander,Verb,i,7,neutral,BackAndForth
ASL,where,Minor,i,7,neutral,None
ASL,you,Minor,i,7,neutral,Straight
ASL,pain,Noun,i,7,neutral,None
ASL,test,Noun,imrp,7,neutral,BackAndForth
ASL,language,Noun,i,8,neutral,BackAndForth
ASL,later,Adverb,imrp,8,neutral,Straight
ASL,battery,Noun,i,9,neutral,BackAndForth
ASL,drum,Noun,i,9,neutral,BackAndForth
ASL,electrician,Noun,i,9,neutral,BackAndForth
ASL,fishing,Noun,i,9,neutral,BackAndForth
ASL,friend,Noun,i,9,neutral,Circular
ASL,golf,Noun,i,9,neutral,Curved
ASL,hamburger,Noun,i,9,neutral,Curved
ASL,italy,Name,i,9,neutral,BackAndForth
ASL,need,Verb,i,9,neutral,BackAndForth
ASL,scan,Noun,i,9,neutral,BackAndForth
ASL,scroll_down,Noun,i,9,neutral,Straight
ASL,select,Verb,i,9,neutral,Straight
ASL,skate,Verb,i,9,neutral,BackAndForth
ASL,ski,Noun,i,9,neutral,BackAndForth
ASL,whip,Verb,i,9,neutral,BackAndForth
ASL,computer,Noun,m,13,neutral,Circular
ASL,contact,Noun,m,13,neutral,BackAndForth
ASL,internet,Noun,m,13,neutral,None
ASL,light_weight,Adjective,m,13,neutral,Curved
ASL,magnet,Noun,m,13,neutral,Straight
ASL,pity,Noun,m,13,neutral,Circular
ASL,pity,Noun,m,13,neutral,Circular
ASL,recording,Verb,m,13,neutral,Circular
ASL,volleyball,Noun,m,14,neutral,BackAndForth
ASL,insurance,Noun,p,17,neutral,BackAndForth
ASL,line,Noun,p,17,neutral,Straight
ASL,spaghetti,Noun,p,17,neutral,Circular
ASL,thin,Adjective,p,17,neutral,Straight
ASL,building,Noun,im,19,neutral,BackAndForth
ASL,egg,Noun,im,19,neutral,BackAndForth
ASL,high,Adjective,im,19,neutral,Curved
ASL,high_school,Noun,im,19,neutral,None
ASL,history,Noun,im,19,neutral,BackAndForth
ASL,smoking,Verb,im,19,neutral,BackAndForth
ASL,hunt,Verb,im,20,neutral,BackAndForth
ASL,awkward,Noun,im,20,neutral,BackAndForth
ASL,bacon,Noun,im,20,neutral,Straight
ASL,pliers,Noun,imrp,20,neutral,BackAndForth
ASL,right_2,Minor,im,23,neutral,Straight
ASL,green,Adjective,i,26,neutral,None
ASL,japan,Name,i,26,neutral,BackAndForth
ASL,fall_2,Verb,im,28,neutral,Curved
ASL,figure,Verb,im,28,neutral,BackAndForth
ASL,scissors,Noun,im,28,neutral,None
ASL,two,Number,im,28,neutral,None
ASL,upload,Verb,im,28,neutral,Curved
ASL,garage,Noun,im,29,neutral,BackAndForth
ASL,three,Number,im,29,neutral,Curved
ASL,bone,Noun,im,31,neutral,BackAndForth
ASL,problem_1,Noun,im,31,neutral,None
ASL,problem_2,Noun,im,31,neutral,BackAndForth
ASL,rollerskating,Noun,im,31,neutral,BackAndForth
ASL,stairs,Noun,im,31,neutral,Straight
ASL,tournament,Noun,im,31,neutral,BackAndForth
ASL,travel,Verb,im,31,neutral,BackAndForth
ASL,borrow,Verb,im,33,neutral,Curved
ASL,dog,Noun,im,33,neutral,None
ASL,people,Noun,im,33,neutral,Circular
ASL,person,Noun,im,33,neutral,Straight
ASL,purple,Adjective,im,33,neutral,None
ASL,type,Noun,im,33,neutral,Circular
ASL,engineer,Noun,p,34,neutral,None
ASL,hippo,Noun,p,34,neutral,BackAndForth
ASL,now,Adverb,p,34,neutral,Straight
ASL,play,Verb,p,34,neutral,None
ASL,playground,Noun,p,34,neutral,None
ASL,same_1,Minor,p,34,neutral,BackAndForth
ASL,that,Minor,p,34,neutral,Straight
ASL,trophy,Noun,p,34,neutral,BackAndForth
ASL,yeah,Minor,p,34,neutral,BackAndForth
ASL,yellow,Adjective,p,34,neutral,None
ASL,airplane,Noun,ip,35,neutral,BackAndForth
ASL,camping,Noun,ip,35,neutral,BackAndForth
ASL,mock,Verb,ip,35,neutral,Straight
ASL,starbucks,Name,mr,37,neutral,BackAndForth
ASL,weather,Noun,p,38,neutral,BackAndForth
ASL,wednesday,Name,imr,38,neutral,Circular
ASL,west,Noun,imr,38,neutral,Straight
ASL,world,Noun,imr,38,neutral,Circular
ASL,caption,Noun,i,42,neutral,BackAndForth
ASL,dart,Noun,i,42,neutral,BackAndForth
ASL,explanation,Noun,i,42,neutral,BackAndForth
ASL,family,Noun,i,42,neutral,Curved
ASL,february,Name,i,42,neutral,None
ASL,find,Verb,i,42,neutral,Straight
ASL,forfeit,Verb,i,42,neutral,Curved
ASL,france,Name,i,42,neutral,Circular
ASL,french,Noun,i,42,neutral,None
ASL,frenchfries,Noun,i,42,neutral,Curved
ASL,friday,Name,i,42,neutral,Circular
ASL,furniture,Noun,i,42,neutral,BackAndForth
ASL,important,Adjective,i,42,neutral,Circular
ASL,interpreter,Noun,i,42,neutral,None
ASL,judge,Noun,i,42,neutral,BackAndForth
ASL,pepper,Noun,i,42,neutral,BackAndForth
ASL,perfect,Adjective,i,42,neutral,Other
ASL,popcorn,Noun,i,42,neutral,BackAndForth
ASL,preacher,Noun,i,42,neutral,BackAndForth
ASL,blinds_1,Noun,imrp,47,neutral,None
ASL,curtain,Noun,imrp,47,neutral,Other
ASL,four,Number,imrp,47,neutral,None
ASL,long_line,Noun,imrp,47,neutral,Straight
ASL,meeting,Noun,imrp,47,neutral,BackAndForth
ASL,prison,Noun,imrp,47,neutral,BackAndForth
ASL,bake_1,Verb,imrp,48,neutral,BackAndForth
ASL,behavior,Noun,imrp,48,neutral,BackAndForth
ASL,biology,Noun,imrp,48,neutral,Circular
ASL,blue,Adjective,imrp,48,neutral,None
ASL,boots,Noun,imrp,48,neutral,BackAndForth
ASL,god,Name,imrp,48,neutral,Curved
ASL,never,Adverb,imrp,48,neutral,BackAndForth
ASL,protection,Noun,imrp,48,neutral,BackAndForth
ASL,rollerblade,Noun,imrp,48,neutral,BackAndForth
ASL,baby,Noun,imrp,49,neutral,BackAndForth
ASL,kite,Noun,imrp,49,neutral,Other
ASL,late,Adjective,imrp,49,neutral,None
ASL,leave,Verb,imrp,49,neutral,Straight
ASL,lecture,Noun,imrp,49,neutral,BackAndForth
ASL,maybe,Adverb,imrp,49,neutral,BackAndForth
ASL,not_yet,Adverb,imrp,49,neutral,None
ASL,order_1,Noun,imrp,49,neutral,BackAndForth
ASL,peace,Noun,imrp,49,neutral,Other
ASL,swing,Verb,imrp,49,neutral,BackAndForth
ASL,things,Noun,imrp,49,neutral,BackAndForth
ASL,waiter,Noun,imrp,49,neutral,BackAndForth
ASL,walk,Verb,imrp,49,neutral,BackAndForth
ASL,bake_2,Verb,imrp,49,neutral,Straight
ASL,book,Noun,imrp,49,neutral,BackAndForth
ASL,butterfly,Noun,imrp,49,neutral,None
ASL,chat,Verb,imrp,49,neutral,BackAndForth
ASL,children,Noun,imrp,49,neutral,BackAndForth
ASL,come,Verb,imrp,49,neutral,Curved
ASL,death,Noun,imrp,49,neutral,Curved
ASL,fly,Verb,imrp,49,neutral,None
ASL,balance,Noun,imrp,50,neutral,BackAndForth
ASL,equal,Adjective,imrp,50,neutral,BackAndForth
ASL,fingerspell,Verb,imrp,50,neutral,Straight
ASL,fingerspelling,Noun,imrp,50,neutral,BackAndForth
ASL,heaven,Noun,imrp,50,neutral,Other
ASL,house,Noun,imrp,50,neutral,Curved
ASL,introduce,Verb,imrp,50,neutral,Curved
ASL,kangaroo,Noun,imrp,50,neutral,BackAndForth
ASL,parade,Noun,imrp,50,neutral,BackAndForth
ASL,promote,Verb,imrp,50,neutral,Curved
ASL,sail,Verb,imrp,50,neutral,Straight
ASL,war,Noun,imrp,50,neutral,BackAndForth
ASL,dinosaur,Noun,imrp,51,neutral,BackAndForth
ASL,few,Minor,imrp,51,neutral,None
ASL,lamp,Noun,imrp,51,neutral,None
ASL,numbers,Noun,imrp,51,neutral,None
ASL,videophone,Noun,imrp,51,neutral,None
ASL,wet,Adjective,imrp,51,neutral,Straight
ASL,more,Minor,imrp,51,neutral,BackAndForth
ASL,move,Verb,imrp,51,neutral,Curved
ASL,teacher,Noun,imrp,51,neutral,Straight
ASL,and,Minor,imrp,51,neutral,Straight
ASL,bowl,Noun,imrp,54,neutral,Curved
ASL,certificate,Noun,imrp,54,neutral,BackAndForth
ASL,chicago,Name,imrp,54,neutral,Other
ASL,class,Noun,imrp,54,neutral,None
ASL,sunset,Noun,imrp,54,neutral,Curved
ASL,guitar,Noun,imrp,55,neutral,BackAndForth
ASL,match,Verb,imrp,55,neutral,Straight
ASL,east,Noun,imrp,56,neutral,Straight
ASL,evaluate,Verb,imrp,56,neutral,BackAndForth
ASL,wedding,Noun,imrp,57,neutral,Curved
ASL,5_dollars,Noun,imrp,57,neutral,None
ASL,accident,Verb,imrp,57,neutral,Straight
ASL,africa,Noun,imrp,57,neutral,Curved
ASL,america,Name,imrp,57,neutral,Circular
ASL,confident,Adjective,imrp,57,neutral,Straight
ASL,die,Verb,imrp,57,neutral,Curved
ASL,fat,Adjective,imrp,57,neutral,Curved
ASL,finish,Verb,imrp,57,neutral,None
ASL,fire,Noun,imrp,57,neutral,Circular
ASL,football,Noun,imrp,57,neutral,BackAndForth
ASL,freeway,Noun,imrp,57,neutral,BackAndForth
ASL,germany,Name,imrp,57,neutral,None
ASL,glove,Noun,imrp,57,neutral,BackAndForth
ASL,piano,Noun,imrp,57,neutral,BackAndForth
ASL,push,Verb,imrp,57,neutral,Straight
ASL,scared,Adjective,imrp,57,neutral,BackAndForth
ASL,traffic,Noun,imrp,57,neutral,BackAndForth
ASL,tree,Noun,imrp,57,neutral,None
ASL,vomit,Verb,imrp,57,neutral,Curved
ASL,wait,Verb,imrp,57,neutral,None
ASL,want,Verb,imrp,57,neutral,Straight
ASL,wave,Noun,imrp,57,neutral,BackAndForth
ASL,well,Adverb,imrp,57,neutral,Curved
ASL,what_1,Minor,imrp,57,neutral,BackAndForth
ASL,whatever,Adverb,imrp,57,neutral,BackAndForth
ASL,summarize,Verb,imrp,57,neutral,Straight
ASL,machine,Noun,imrp,58,neutral,BackAndForth
ASL,rain,Noun,imrp,58,neutral,BackAndForth
ASL,department,Noun,mrp,62,neutral,Curved
ASL,divorce,Noun,i,62,neutral,Straight
ASL,download,Verb,mrp,62,neutral,Straight
ASL,no,Minor,im,63,neutral,None
ASL,blinds_2,Noun,imrp,65,neutral,Straight
ASL,box,Noun,imrp,65,neutral,Other
ASL,city,Noun,imrp,65,neutral,Straight
ASL,flag,Noun,imrp,65,neutral,BackAndForth
ASL,floor,Noun,imrp,65,neutral,BackAndForth
ASL,future,Noun,imrp,65,neutral,Curved
ASL,here,Adverb,imrp,65,neutral,Circular
ASL,morning,Noun,imrp,65,neutral,Straight
ASL,prayer,Noun,imrp,65,neutral,BackAndForth
ASL,room,Noun,imrp,65,neutral,Other
ASL,street,Noun,imrp,65,neutral,Straight
ASL,way,Noun,imrp,65,neutral,Straight
ASL,action,Noun,imrp,74,neutral,Circular
ASL,ball,Noun,imrp,74,neutral,BackAndForth
ASL,basketball,Noun,imrp,74,neutral,None
ASL,bowling,Noun,imrp,74,neutral,BackAndForth
ASL,breakdown,Verb,imrp,74,neutral,Other
ASL,cabinet,Noun,imrp,74,neutral,BackAndForth
ASL,chance,Noun,imrp,74,neutral,Curved
ASL,cloud,Noun,imrp,74,neutral,Circular
ASL,congratulations,Minor,imrp,74,neutral,BackAndForth
ASL,cross,Noun,imrp,74,neutral,Other
ASL,drawer,Noun,imrp,74,neutral,BackAndForth
ASL,get,Verb,imrp,74,neutral,Straight
ASL,hotdog,Noun,imrp,74,neutral,Straight
ASL,keyboard,Noun,imrp,74,neutral,None
ASL,lobster,Noun,imrp,74,neutral,None
ASL,magic,Noun,imrp,74,neutral,None
ASL,mean_1,Adjective,imrp,74,neutral,Straight
ASL,much,Minor,imrp,74,neutral,Curved
ASL,pile,Noun,imrp,74,neutral,Curved
ASL,salad,Noun,imrp,74,neutral,Circular
ASL,spider,Noun,imrp,74,neutral,Straight
ASL,wash_machine,Noun,imrp,74,neutral,None
ASL,invite,Verb,imrp,76,neutral,Curved
ASL,boat,Noun,imrp,76,neutral,BackAndForth
ASL,small,Adjective,imrp,76,neutral,BackAndForth
ASL,monday,Name,imr,81,neutral,Circular
ASL,math,Noun,imrp,88,neutral,BackAndForth
ASL,mcdonalds,Name,imrp,88,neutral,Curved
ASL,museum,Noun,imrp,88,neutral,Curved
ASL,channel,Noun,imrp,91,neutral,None
ASL,faucet,Noun,imrp,91,neutral,BackAndForth
ASL,castle,Noun,im,93,neutral,Straight
ASL,throw,Verb,im,94,neutral,Straight
ASL,bathroom,Noun,thumb,95,neutral,BackAndForth
ASL,bathroom,Noun,thumb,95,neutral,BackAndForth
ASL,thursday,Name,thumb,95,neutral,None
ASL,TV,Noun,thumb,95,neutral,None
ASL,neutral,Adjective,im,96,neutral,BackAndForth
ASL,north,Noun,im,96,neutral,Straight
ASL,basement,Noun,thumb,3,neutral,Circular
ASL,parachute,Verb,imrp,3,neutral,Straight
ASL,appear,Verb,i,7,neutral,Straight
ASL,disappear,Verb,i,7,neutral,Straight
ASL,drill,Noun,i,7,neutral,Straight
ASL,start,Verb,i,7,neutral,BackAndForth
ASL,pineapple,Noun,i,9,neutral,None
ASL,run,Verb,i,9,neutral,Straight
ASL,sandals,Noun,i,9,neutral,BackAndForth
ASL,stir,Verb,i,9,neutral,Circular
ASL,mechanic_1,Noun,im,28,neutral,None
ASL,mechanic_2,Noun,im,28,neutral,None
ASL,pop,Verb,i,42,neutral,BackAndForth
ASL,relationship,Noun,i,42,neutral,BackAndForth
ASL,tail,Noun,i,42,neutral,BackAndForth
ASL,violin,Noun,i,42,neutral,BackAndForth
ASL,trouble,Noun,imrp,48,neutral,Circular
ASL,worry,Verb,imrp,48,neutral,Circular
ASL,all,Minor,imrp,49,neutral,Circular
ASL,mirror,Noun,imrp,49,neutral,None
ASL,music,Noun,imrp,49,neutral,BackAndForth
ASL,psychologist,Noun,imrp,49,neutral,BackAndForth
ASL,sing,Verb,imrp,49,neutral,BackAndForth
ASL,front,Minor,imrp,49,neutral,BackAndForth
ASL,tall_2,Adjective,imrp,50,neutral,Curved
ASL,sun,Noun,imrp,51,neutral,Circular
ASL,let_know,Verb,imrp,51,neutral,Straight
ASL,shower,Noun,imrp,51,neutral,None
ASL,communication,Noun,imrp,54,neutral,BackAndForth
ASL,look_for,Verb,imrp,54,neutral,Circular
ASL,cloud,Noun,imrp,59,neutral,Circular
ASL,amazing,Adjective,imrp,74,neutral,BackAndForth
ASL,arm,Noun,imrp,74,neutral,Other
ASL,coconut,Noun,imrp,74,neutral,BackAndForth
ASL,corn_2,Noun,imrp,74,neutral,None
ASL,credit_card,Noun,imrp,1,neutral,BackAndForth
ASL,drown,Verb,imrp,1,neutral,Curved
ASL,eraser,Noun,imrp,1,neutral,BackAndForth
ASL,surgeon,Noun,thumb,3,neutral,Straight
ASL,turtle,Noun,thumb,3,neutral,None
ASL,iron,Noun,imrp,3,neutral,BackAndForth
ASL,help,Verb,imrp,4,neutral,BackAndForth
ASL,alarm,Noun,i,7,neutral,BackAndForth
ASL,cancellation,Noun,i,7,neutral,Other
ASL,forbid,Verb,i,7,neutral,BackAndForth
ASL,hour,Noun,i,7,neutral,Circular
ASL,lawyer,Noun,i,7,neutral,Curved
ASL,owe,Verb,i,7,neutral,BackAndForth
ASL,print,Noun,i,7,neutral,BackAndForth
ASL,show,Verb,i,7,neutral,Straight
ASL,tall_1,Adjective,i,7,neutral,Straight
ASL,week,Noun,i,7,neutral,Straight
ASL,what_2,Minor,i,7,neutral,Straight
ASL,worm,Noun,i,7,neutral,Straight
ASL,kill,Verb,i,7,neutral,Straight
ASL,deep,Adjective,i,7,neutral,Straight
ASL,demand,Noun,i,9,neutral,Straight
ASL,demand,Noun,i,9,neutral,Straight
ASL,hockey,Noun,i,9,neutral,Circular
ASL,key,Noun,i,9,neutral,None
ASL,metaphor,Noun,i,9,neutral,Curved
ASL,price,Noun,i,9,neutral,Straight
ASL,write,Verb,i,9,neutral,BackAndForth
ASL,medicine,Noun,m,13,neutral,BackAndForth
ASL,rude,Adjective,m,13,neutral,Straight
ASL,8_hour,Number,m,14,neutral,Circular
ASL,art,Noun,p,17,neutral,BackAndForth
ASL,draw,Verb,p,17,neutral,BackAndForth
ASL,jelly,Noun,p,17,neutral,None
ASL,paintbrush,Noun,im,19,neutral,BackAndForth
ASL,screwdriver,Noun,im,19,neutral,None
ASL,sushi,Noun,im,19,neutral,BackAndForth
ASL,university,Noun,im,19,neutral,Curved
ASL,research,Noun,im,23,neutral,Circular
ASL,graduate,Verb,i,26,neutral,Circular
ASL,newspaper,Noun,i,26,neutral,BackAndForth
ASL,jump,Verb,im,28,neutral,BackAndForth
ASL,lose,Verb,im,28,neutral,Straight
ASL,lose_game,Verb,im,28,neutral,Straight
ASL,mean_2,Verb,im,28,neutral,None
ASL,read,Verb,im,28,neutral,BackAndForth
ASL,dance,Noun,im,28,neutral,BackAndForth
ASL,dancer,Noun,im,28,neutral,BackAndForth
ASL,crawl,Verb,im,31,neutral,Straight
ASL,kneel,Verb,im,31,neutral,None
ASL,kitchen,Noun,im,33,neutral,Curved
ASL,impossible,Adjective,p,34,neutral,BackAndForth
ASL,new_york,Noun,p,34,neutral,BackAndForth
ASL,accountant,Noun,i,42,neutral,Circular
ASL,calendar,Noun,imrp,47,neutral,Other
ASL,paper,Noun,imrp,49,neutral,Circular
ASL,papercutter,Noun,imrp,49,neutral,Circular
ASL,pie,Noun,imrp,49,neutral,Other
ASL,sweep,Verb,imrp,49,neutral,Circular
ASL,college,Noun,imrp,49,neutral,Circular
ASL,cook,Verb,imrp,49,neutral,BackAndForth
ASL,cover_up,Verb,imrp,49,neutral,Straight
ASL,lesson,Noun,imrp,50,neutral,Curved
ASL,buy,Verb,imrp,51,neutral,Curved
ASL,coins,Noun,imrp,51,neutral,None
ASL,copy,Verb,imrp,51,neutral,Straight
ASL,expensive,Adjective,imrp,51,neutral,Other
ASL,learn,Verb,imrp,51,neutral,Straight
ASL,money,Noun,imrp,51,neutral,BackAndForth
ASL,shop_1,Verb,imrp,51,neutral,BackAndForth
ASL,shop_2,Noun,imrp,51,neutral,BackAndForth
ASL,student,Noun,imrp,51,neutral,Straight
ASL,grow,Verb,imrp,51,neutral,Straight
ASL,bottle,Noun,imrp,54,neutral,Straight
ASL,cake,Noun,imrp,54,neutral,Straight
ASL,cookie,Noun,imrp,54,neutral,None
ASL,cup,Noun,imrp,54,neutral,BackAndForth
ASL,center,Noun,imrp,57,neutral,BackAndForth
ASL,paint,Verb,imrp,57,neutral,BackAndForth
ASL,school,Noun,imrp,57,neutral,BackAndForth
ASL,weak,Adjective,imrp,57,neutral,BackAndForth
ASL,crocodile,Noun,imrp,59,neutral,BackAndForth
ASL,rake,Verb,imrp,59,neutral,Circular
ASL,birth,Noun,imrp,65,neutral,Curved
ASL,laptop,Noun,imrp,65,neutral,BackAndForth
ASL,stop,Verb,imrp,65,neutral,BackAndForth
ASL,earn,Verb,imrp,74,neutral,Curved
ASL,subtract,Verb,imrp,74,neutral,Straight
ASL,new,Adjective,imrp,76,neutral,Curved
ASL,soup,Noun,im,93,neutral,Circular
ASL,toast,Noun,im,93,neutral,Curved
ASL,lock,Noun,imrp,1,neutral,Circular
ASL,work,Verb,imrp,1,neutral,BackAndForth
ASL,set_up,Verb,thumb,3,neutral,Circular
ASL,rock,Noun,imrp,3,neutral,BackAndForth
ASL,clock,Noun,i,7,neutral,None
ASL,time,Noun,i,9,neutral,BackAndForth
ASL,earthquake,Noun,m,13,neutral,None
ASL,shiny,Adjective,m,13,neutral,BackAndForth
ASL,earth,Noun,m,15,neutral,BackAndForth
ASL,island,Noun,p,17,neutral,Circular
ASL,potato,Noun,im,31,neutral,BackAndForth
ASL,9_oclock,Number,i,42,neutral,None
ASL,warn,Verb,imrp,49,neutral,BackAndForth
ASL,night,Noun,imrp,50,neutral,BackAndForth
ASL,night,Noun,imrp,50,neutral,BackAndForth
ASL,counselor,Noun,imrp,51,neutral,BackAndForth
ASL,chocolate,Noun,imrp,54,neutral,Circular
ASL,church,Noun,imrp,54,neutral,BackAndForth
ASL,grapes,Noun,imrp,55,neutral,BackAndForth
ASL,call_attention,Verb,imrp,57,neutral,Curved
ASL,film,Verb,imrp,57,neutral,None
ASL,slow,Adjective,imrp,57,neutral,Straight
ASL,appointment,Noun,imrp,74,neutral,Circular
ASL,english,Noun,imrp,76,neutral,BackAndForth
ASL,bracelet,Noun,i,9,neutral,BackAndForth
ASL,wristwatch,Noun,i,42,neutral,BackAndForth
ASL,bored,Adjective,i,7,Nose,Straight
ASL,computer_mouse,Noun,i,7,Nose,BackAndForth
ASL,dont_mind,Verb,i,7,Nose,Curved
ASL,mouse,Noun,i,7,Nose,None
ASL,doll,Noun,i,9,Nose,BackAndForth
ASL,witch,Noun,i,9,Nose,Curved
ASL,rhino,Noun,p,17,Nose,BackAndForth
ASL,bug,Noun,im,20,Nose,None
ASL,rat,Noun,im,23,Nose,BackAndForth
ASL,greece,Name,i,26,Nose,BackAndForth
ASL,doubt,Verb,im,28,Nose,None
ASL,strict,Adjective,im,31,Nose,None
ASL,silly,Adjective,p,34,Nose,BackAndForth
ASL,snob,Noun,ip,35,Nose,Curved
ASL,fox,Noun,i,42,Nose,None
ASL,ignore,Verb,imrp,47,Nose,Curved
ASL,elephant,Noun,imrp,48,Nose,Other
ASL,flower,Noun,imrp,51,Nose,Curved
ASL,not_care,Minor,imrp,51,Nose,Curved
ASL,wolf,Noun,imrp,51,Nose,Curved
ASL,clown,Noun,imrp,91,Nose,None
ASL,back,Adverb,imrp,4,Shoulder,Straight
ASL,jacket,Noun,imrp,4,Shoulder,Curved
ASL,since,Minor,i,7,Shoulder,Curved
ASL,angel,Noun,imrp,49,Shoulder,None
ASL,fault,Noun,imrp,50,Shoulder,Curved
ASL,responsibility,Noun,imrp,50,Shoulder,BackAndForth
ASL,shoulder,Noun,imrp,50,Shoulder,BackAndForth
ASL,past,Minor,imrp,57,Shoulder,Curved
ASL,boss,Noun,imrp,76,Shoulder,BackAndForth
ASL,cold,Adjective,imrp,1,Torso,BackAndForth
ASL,monkey,Noun,imrp,74,Torso,None
ASL,pride,Noun,thumb,3,Torso,Straight
ASL,zipper,Noun,imrp,5,Torso,BackAndForth
ASL,stomach,Noun,imrp,50,Torso,BackAndForth
ASL,fine,Adjective,thumb,3,Torso,BackAndForth
ASL,fine,Adjective,thumb,3,Torso,BackAndForth
ASL,sorry,Adjective,thumb,3,Torso,Circular
ASL,my,Minor,imrp,49,Torso,Straight
ASL,please,Adverb,imrp,49,Torso,Circular
ASL,elegance,Noun,imrp,57,Torso,Circular
ASL,cough,Noun,imrp,1,Torso,Circular
ASL,myself,Minor,thumb,3,Torso,BackAndForth
ASL,bra,Noun,i,7,Torso,BackAndForth
ASL,me,Minor,i,7,Torso,Straight
ASL,necklace,Noun,i,7,Torso,Curved
ASL,feel,Verb,m,13,Torso,Circular
ASL,heart,Noun,m,13,Torso,Curved
ASL,interest,Noun,m,13,Torso,Straight
ASL,ego,Noun,p,17,Torso,Circular
ASL,tie,Noun,im,19,Torso,Curved
ASL,relax,Verb,imrp,48,Torso,BackAndForth
ASL,rest,Verb,imrp,48,Torso,None
ASL,enjoy,Verb,imrp,49,Torso,Circular
ASL,hungry,Adjective,imrp,54,Torso,Straight
ASL,wish,Noun,imrp,54,Torso,Straight
ASL,breathe,Verb,imrp,57,Torso,BackAndForth
ASL,snow,Noun,imrp,57,Torso,Straight
ASL,deodorant,Noun,imrp,1,UpperArm,BackAndForth
ASL,cocacola,Name,thumb,3,UpperArm,None
ASL,hospital,Noun,im,19,UpperArm,Other
ASL,patient_1,Noun,im,33,UpperArm,Other
ASL,power,Noun,imrp,91,UpperArm,BackAndForth
ASL,address,Noun,thumb,3,Waist,Curved
ASL,live,Verb,thumb,3,Waist,Straight
ASL,brag,Verb,p,5,Waist,BackAndForth
ASL,live,Verb,i,7,Waist,Curved